-- Training and Placement Management System demo seed
-- Generated for MySQL Workbench
-- Demo TPO/Admin login: anjali.mehta@l.d.college.of.engineering.edu.in / tpo12345
-- Demo HR login: hr.tata.consultancy.services@demo-placement.in / hr12345
-- Demo Student login: aaravpatel1@student.demo.in / student12345

CREATE DATABASE IF NOT EXISTS `placement`;
USE `placement`;

SET FOREIGN_KEY_CHECKS = 0;
DROP TABLE IF EXISTS `placement_statistics`;
DROP TABLE IF EXISTS `student_profile`;
DROP TABLE IF EXISTS `applied`;
DROP TABLE IF EXISTS `jobdetail`;
DROP TABLE IF EXISTS `student`;
DROP TABLE IF EXISTS `company`;
DROP TABLE IF EXISTS `tpo`;
SET FOREIGN_KEY_CHECKS = 1;

CREATE TABLE `tpo` (
  `tid` INT NOT NULL AUTO_INCREMENT,
  `tname` VARCHAR(100) NOT NULL,
  `temail` VARCHAR(120) NOT NULL,
  `tpassword` VARCHAR(255) NOT NULL,
  `collegename` VARCHAR(150) NOT NULL,
  `city` VARCHAR(80) DEFAULT NULL,
  `mobileno` VARCHAR(15) DEFAULT NULL,
  `website` VARCHAR(200) DEFAULT NULL,
  `nirf` VARCHAR(30) DEFAULT NULL,
  `nacc` VARCHAR(30) DEFAULT NULL,
  `ncte` VARCHAR(30) DEFAULT NULL,
  `aicte` VARCHAR(30) DEFAULT NULL,
  `ugc` VARCHAR(30) DEFAULT NULL,
  `created_at` TIMESTAMP NOT NULL DEFAULT CURRENT_TIMESTAMP,
  `updated_at` TIMESTAMP NOT NULL DEFAULT CURRENT_TIMESTAMP ON UPDATE CURRENT_TIMESTAMP,
  PRIMARY KEY (`tid`),
  UNIQUE KEY `uq_tpo_email` (`temail`)
) ENGINE=InnoDB DEFAULT CHARSET=utf8mb4;

CREATE TABLE `company` (
  `cid` INT NOT NULL AUTO_INCREMENT,
  `hrname` VARCHAR(100) NOT NULL,
  `cemail` VARCHAR(120) NOT NULL,
  `cpassword` VARCHAR(255) NOT NULL,
  `cname` VARCHAR(150) NOT NULL,
  `cwebsite` VARCHAR(200) DEFAULT NULL,
  `city` VARCHAR(80) DEFAULT NULL,
  `ctype` VARCHAR(80) DEFAULT NULL,
  `cinfo` TEXT,
  `cmobileno` VARCHAR(15) DEFAULT NULL,
  `empl` INT DEFAULT NULL,
  `created_at` TIMESTAMP NOT NULL DEFAULT CURRENT_TIMESTAMP,
  `updated_at` TIMESTAMP NOT NULL DEFAULT CURRENT_TIMESTAMP ON UPDATE CURRENT_TIMESTAMP,
  PRIMARY KEY (`cid`),
  UNIQUE KEY `uq_company_email` (`cemail`)
) ENGINE=InnoDB DEFAULT CHARSET=utf8mb4;

CREATE TABLE `student` (
  `sid` INT NOT NULL AUTO_INCREMENT,
  `sname` VARCHAR(100) NOT NULL,
  `semail` VARCHAR(120) NOT NULL,
  `spass` VARCHAR(255) NOT NULL,
  `collegename` VARCHAR(150) NOT NULL,
  `age` INT DEFAULT NULL,
  `city` VARCHAR(80) DEFAULT NULL,
  `gender` VARCHAR(20) DEFAULT NULL,
  `smobileno` VARCHAR(15) DEFAULT NULL,
  `isverifed` VARCHAR(10) NOT NULL DEFAULT 'no',
  `dname` VARCHAR(120) DEFAULT NULL,
  `passingyear` INT DEFAULT NULL,
  `result10` DECIMAL(5,2) DEFAULT NULL,
  `result12` DECIMAL(5,2) DEFAULT NULL,
  `avgcgpa` DECIMAL(4,2) DEFAULT NULL,
  `backlogs` INT DEFAULT 0,
  `created_at` TIMESTAMP NOT NULL DEFAULT CURRENT_TIMESTAMP,
  `updated_at` TIMESTAMP NOT NULL DEFAULT CURRENT_TIMESTAMP ON UPDATE CURRENT_TIMESTAMP,
  PRIMARY KEY (`sid`),
  UNIQUE KEY `uq_student_email` (`semail`)
) ENGINE=InnoDB DEFAULT CHARSET=utf8mb4;

CREATE TABLE `jobdetail` (
  `jid` INT NOT NULL AUTO_INCREMENT,
  `cid` INT NOT NULL,
  `place` VARCHAR(80) NOT NULL,
  `salary` DECIMAL(6,2) NOT NULL,
  `bondyears` INT DEFAULT 0,
  `servagree` VARCHAR(10) DEFAULT 'No',
  `jobtype` VARCHAR(120) NOT NULL,
  `jobinfo` TEXT,
  `vacancy` INT DEFAULT 1,
  `minavgcp` DECIMAL(4,2) DEFAULT 0.00,
  `minblog` INT DEFAULT 0,
  `lastdate` DATE DEFAULT NULL,
  `dateexam` DATE DEFAULT NULL,
  `dateinterview` DATE DEFAULT NULL,
  `college` VARCHAR(150) NOT NULL,
  `department` VARCHAR(200) DEFAULT NULL,
  `request` VARCHAR(10) NOT NULL DEFAULT 'no',
  `accepted` VARCHAR(10) NOT NULL DEFAULT 'no',
  `rejected` VARCHAR(10) NOT NULL DEFAULT 'no',
  `created_at` TIMESTAMP NOT NULL DEFAULT CURRENT_TIMESTAMP,
  `updated_at` TIMESTAMP NOT NULL DEFAULT CURRENT_TIMESTAMP ON UPDATE CURRENT_TIMESTAMP,
  PRIMARY KEY (`jid`),
  KEY `idx_jobdetail_cid` (`cid`),
  CONSTRAINT `fk_jobdetail_company` FOREIGN KEY (`cid`) REFERENCES `company` (`cid`) ON DELETE CASCADE
) ENGINE=InnoDB DEFAULT CHARSET=utf8mb4;

CREATE TABLE `applied` (
  `aid` INT NOT NULL AUTO_INCREMENT,
  `jid` INT NOT NULL,
  `cid` INT NOT NULL,
  `sid` INT NOT NULL,
  `iseligible` VARCHAR(10) NOT NULL DEFAULT 'yes',
  `applied_at` DATETIME NOT NULL DEFAULT CURRENT_TIMESTAMP,
  `created_at` TIMESTAMP NOT NULL DEFAULT CURRENT_TIMESTAMP,
  `updated_at` TIMESTAMP NOT NULL DEFAULT CURRENT_TIMESTAMP ON UPDATE CURRENT_TIMESTAMP,
  PRIMARY KEY (`aid`),
  UNIQUE KEY `uq_applied_job_student` (`jid`, `sid`),
  KEY `idx_applied_cid` (`cid`),
  KEY `idx_applied_sid` (`sid`),
  CONSTRAINT `fk_applied_job` FOREIGN KEY (`jid`) REFERENCES `jobdetail` (`jid`) ON DELETE CASCADE,
  CONSTRAINT `fk_applied_company` FOREIGN KEY (`cid`) REFERENCES `company` (`cid`) ON DELETE CASCADE,
  CONSTRAINT `fk_applied_student` FOREIGN KEY (`sid`) REFERENCES `student` (`sid`) ON DELETE CASCADE
) ENGINE=InnoDB DEFAULT CHARSET=utf8mb4;

CREATE TABLE `student_profile` (
  `profile_id` INT NOT NULL AUTO_INCREMENT,
  `sid` INT NOT NULL,
  `headline` VARCHAR(180) DEFAULT NULL,
  `github_url` VARCHAR(200) DEFAULT NULL,
  `linkedin_url` VARCHAR(200) DEFAULT NULL,
  `resume_url` VARCHAR(255) DEFAULT NULL,
  `skillset` TEXT,
  `internships` INT DEFAULT 0,
  `projects_count` INT DEFAULT 0,
  `certifications_count` INT DEFAULT 0,
  `preferred_location` VARCHAR(80) DEFAULT NULL,
  `placement_status` VARCHAR(30) NOT NULL DEFAULT 'Seeking',
  `placed_company` VARCHAR(150) DEFAULT NULL,
  `placed_package_lpa` DECIMAL(6,2) DEFAULT NULL,
  `created_at` TIMESTAMP NOT NULL DEFAULT CURRENT_TIMESTAMP,
  `updated_at` TIMESTAMP NOT NULL DEFAULT CURRENT_TIMESTAMP ON UPDATE CURRENT_TIMESTAMP,
  PRIMARY KEY (`profile_id`),
  UNIQUE KEY `uq_profile_sid` (`sid`),
  CONSTRAINT `fk_profile_student` FOREIGN KEY (`sid`) REFERENCES `student` (`sid`) ON DELETE CASCADE
) ENGINE=InnoDB DEFAULT CHARSET=utf8mb4;

CREATE TABLE `placement_statistics` (
  `stat_id` INT NOT NULL AUTO_INCREMENT,
  `college_name` VARCHAR(150) NOT NULL,
  `branch_name` VARCHAR(120) NOT NULL,
  `graduating_year` INT NOT NULL,
  `total_students` INT NOT NULL,
  `placed_students` INT NOT NULL,
  `unplaced_students` INT NOT NULL,
  `highest_package_lpa` DECIMAL(6,2) NOT NULL DEFAULT 0.00,
  `average_package_lpa` DECIMAL(6,2) NOT NULL DEFAULT 0.00,
  `median_package_lpa` DECIMAL(6,2) NOT NULL DEFAULT 0.00,
  `top_recruiters` VARCHAR(255) DEFAULT NULL,
  `created_at` TIMESTAMP NOT NULL DEFAULT CURRENT_TIMESTAMP,
  PRIMARY KEY (`stat_id`)
) ENGINE=InnoDB DEFAULT CHARSET=utf8mb4;

INSERT INTO `tpo` (`tid`, `tname`, `temail`, `tpassword`, `collegename`, `city`, `mobileno`, `website`, `nirf`, `nacc`, `ncte`, `aicte`, `ugc`, `created_at`, `updated_at`) VALUES
(1, 'Anjali Mehta', 'anjali.mehta@l.d.college.of.engineering.edu.in', '$2a$12$77qP0PZ61e.zLcjP9bZXI.gZcUJkLWqZfAV5Nx29l0QF/GwwmNGX6', 'L.D. College of Engineering', 'Ahmedabad', '9310041701', 'https://www.ldce.ac.in', '101-150', 'A', 'NA', 'Approved', 'Recognized', '2026-01-01 09:00:00', '2026-05-01 11:30:00'),
(2, 'Rakesh Sharma', 'rakesh.sharma@dharmsinh.desai.university.edu.in', '$2a$12$77qP0PZ61e.zLcjP9bZXI.gZcUJkLWqZfAV5Nx29l0QF/GwwmNGX6', 'Dharmsinh Desai University', 'Nadiad', '9810045492', 'https://www.ddu.ac.in', '151-200', 'A+', 'NA', 'Approved', 'Recognized', '2026-01-02 09:00:00', '2026-05-02 11:30:00'),
(3, 'Priyanka Nair', 'priyanka.nair@nirma.university.edu.in', '$2a$12$77qP0PZ61e.zLcjP9bZXI.gZcUJkLWqZfAV5Nx29l0QF/GwwmNGX6', 'Nirma University', 'Ahmedabad', '9710049283', 'https://www.nirmauni.ac.in', '101-150', 'A+', 'NA', 'Approved', 'Recognized', '2026-01-03 09:00:00', '2026-05-03 11:30:00'),
(4, 'Vikram Desai', 'vikram.desai@charusat.university.edu.in', '$2a$12$77qP0PZ61e.zLcjP9bZXI.gZcUJkLWqZfAV5Nx29l0QF/GwwmNGX6', 'Charusat University', 'Anand', '9610053074', 'https://www.charusat.ac.in', '151-200', 'A+', 'NA', 'Approved', 'Recognized', '2026-01-04 09:00:00', '2026-05-04 11:30:00'),
(5, 'Sneha Kulkarni', 'sneha.kulkarni@pdeu.edu.in', '$2a$12$77qP0PZ61e.zLcjP9bZXI.gZcUJkLWqZfAV5Nx29l0QF/GwwmNGX6', 'PDEU', 'Gandhinagar', '9510056865', 'https://www.pdpu.ac.in', '101-150', 'A', 'NA', 'Approved', 'Recognized', '2026-01-05 09:00:00', '2026-05-05 11:30:00'),
(6, 'Arun Prakash', 'arun.prakash@ms.university.of.baroda.edu.in', '$2a$12$77qP0PZ61e.zLcjP9bZXI.gZcUJkLWqZfAV5Nx29l0QF/GwwmNGX6', 'MS University of Baroda', 'Vadodara', '9410060656', 'https://www.msubaroda.ac.in', '151-200', 'A+', 'NA', 'Approved', 'Recognized', '2026-01-06 09:00:00', '2026-05-06 11:30:00'),
(7, 'Neha Bansal', 'neha.bansal@government.engineering.college.gandhinagar.edu.in', '$2a$12$77qP0PZ61e.zLcjP9bZXI.gZcUJkLWqZfAV5Nx29l0QF/GwwmNGX6', 'Government Engineering College Gandhinagar', 'Gandhinagar', '9310064447', 'https://www.gecg28.ac.in', '201-250', 'B++', 'NA', 'Approved', 'Recognized', '2026-01-07 09:00:00', '2026-05-07 11:30:00'),
(8, 'Saurabh Patel', 'saurabh.patel@svnit.surat.edu.in', '$2a$12$77qP0PZ61e.zLcjP9bZXI.gZcUJkLWqZfAV5Nx29l0QF/GwwmNGX6', 'SVNIT Surat', 'Surat', '9810068238', 'https://www.svnit.ac.in', '65', 'A', 'NA', 'Approved', 'Recognized', '2026-01-08 09:00:00', '2026-05-08 11:30:00'),
(9, 'Kavita Rao', 'kavita.rao@daiict.edu.in', '$2a$12$77qP0PZ61e.zLcjP9bZXI.gZcUJkLWqZfAV5Nx29l0QF/GwwmNGX6', 'DAIICT', 'Gandhinagar', '9710072029', 'https://www.daiict.ac.in', '151-200', 'A', 'NA', 'Approved', 'Recognized', '2026-01-09 09:00:00', '2026-05-09 11:30:00'),
(10, 'Manoj Verma', 'manoj.verma@parul.university.edu.in', '$2a$12$77qP0PZ61e.zLcjP9bZXI.gZcUJkLWqZfAV5Nx29l0QF/GwwmNGX6', 'Parul University', 'Vadodara', '9610075820', 'https://paruluniversity.ac.in', '151-200', 'A++', 'Approved', 'Approved', 'Recognized', '2026-01-10 09:00:00', '2026-05-10 11:30:00'),
(11, 'Deepa Iyer', 'deepa.iyer@pandit.deendayal.energy.university.edu.in', '$2a$12$77qP0PZ61e.zLcjP9bZXI.gZcUJkLWqZfAV5Nx29l0QF/GwwmNGX6', 'Pandit Deendayal Energy University', 'Gandhinagar', '9510079611', 'https://www.pdpu.ac.in', '101-150', 'A', 'NA', 'Approved', 'Recognized', '2026-01-11 09:00:00', '2026-05-11 11:30:00'),
(12, 'Rohan Trivedi', 'rohan.trivedi@silver.oak.university.edu.in', '$2a$12$77qP0PZ61e.zLcjP9bZXI.gZcUJkLWqZfAV5Nx29l0QF/GwwmNGX6', 'Silver Oak University', 'Ahmedabad', '9410083402', 'https://silveroakuni.ac.in', '201-250', 'A', 'Approved', 'Approved', 'Recognized', '2026-01-12 09:00:00', '2026-05-12 11:30:00'),
(13, 'Pooja Singh', 'pooja.singh@indus.university.edu.in', '$2a$12$77qP0PZ61e.zLcjP9bZXI.gZcUJkLWqZfAV5Nx29l0QF/GwwmNGX6', 'Indus University', 'Ahmedabad', '9310087193', 'https://indusuni.ac.in', '201-250', 'A', 'Approved', 'Approved', 'Recognized', '2026-01-13 09:00:00', '2026-05-13 11:30:00'),
(14, 'Ashish Bhatt', 'ashish.bhatt@ganpat.university.edu.in', '$2a$12$77qP0PZ61e.zLcjP9bZXI.gZcUJkLWqZfAV5Nx29l0QF/GwwmNGX6', 'Ganpat University', 'Mehsana', '9810090984', 'https://www.ganpatuniversity.ac.in', '151-200', 'A', 'Approved', 'Approved', 'Recognized', '2026-01-14 09:00:00', '2026-05-14 11:30:00'),
(15, 'Nidhi Chawla', 'nidhi.chawla@rk.university.edu.in', '$2a$12$77qP0PZ61e.zLcjP9bZXI.gZcUJkLWqZfAV5Nx29l0QF/GwwmNGX6', 'RK University', 'Rajkot', '9710094775', 'https://rku.ac.in', '201-250', 'A', 'Approved', 'Approved', 'Recognized', '2026-01-15 09:00:00', '2026-05-01 11:30:00'),
(16, 'Ketan Joshi', 'ketan.joshi@marwadi.university.edu.in', '$2a$12$77qP0PZ61e.zLcjP9bZXI.gZcUJkLWqZfAV5Nx29l0QF/GwwmNGX6', 'Marwadi University', 'Rajkot', '9610098566', 'https://www.marwadiuniversity.ac.in', '201-250', 'A+', 'Approved', 'Approved', 'Recognized', '2026-01-16 09:00:00', '2026-05-02 11:30:00'),
(17, 'Shweta Kapoor', 'shweta.kapoor@atmiya.university.edu.in', '$2a$12$77qP0PZ61e.zLcjP9bZXI.gZcUJkLWqZfAV5Nx29l0QF/GwwmNGX6', 'Atmiya University', 'Rajkot', '9510102357', 'https://atmiyauni.ac.in', '201-250', 'A', 'Approved', 'Approved', 'Recognized', '2026-01-17 09:00:00', '2026-05-03 11:30:00'),
(18, 'Harshad Shah', 'harshad.shah@uka.tarsadia.university.edu.in', '$2a$12$77qP0PZ61e.zLcjP9bZXI.gZcUJkLWqZfAV5Nx29l0QF/GwwmNGX6', 'Uka Tarsadia University', 'Bardoli', '9410106148', 'https://utu.ac.in', '201-250', 'A+', 'Approved', 'Approved', 'Recognized', '2026-01-18 09:00:00', '2026-05-04 11:30:00'),
(19, 'Mitali Ghosh', 'mitali.ghosh@adani.university.edu.in', '$2a$12$77qP0PZ61e.zLcjP9bZXI.gZcUJkLWqZfAV5Nx29l0QF/GwwmNGX6', 'Adani University', 'Ahmedabad', '9310109939', 'https://adaniuni.ac.in', '201-250', 'A', 'NA', 'Approved', 'Recognized', '2026-01-19 09:00:00', '2026-05-05 11:30:00'),
(20, 'Rahul Saxena', 'rahul.saxena@cept.university.edu.in', '$2a$12$77qP0PZ61e.zLcjP9bZXI.gZcUJkLWqZfAV5Nx29l0QF/GwwmNGX6', 'CEPT University', 'Ahmedabad', '9810113730', 'https://cept.ac.in', '151-200', 'A+', 'NA', 'Approved', 'Recognized', '2026-01-20 09:00:00', '2026-05-06 11:30:00');

INSERT INTO `company` (`cid`, `hrname`, `cemail`, `cpassword`, `cname`, `cwebsite`, `city`, `ctype`, `cinfo`, `cmobileno`, `empl`, `created_at`, `updated_at`) VALUES
(1, 'Sonal Kapoor', 'hr.tata.consultancy.services@demo-placement.in', '$2a$12$Orzl5uTJ7S1lhJP1inQH2Oz0PuuubVsU4U.39qcMTgDnEJKDfMdy.', 'Tata Consultancy Services', 'https://www.tcs.com', 'Gandhinagar', 'IT Services', 'Enterprise software services, consulting, and digital transformation.', '9310382891', 650000, '2026-02-01 10:15:00', '2026-05-01 16:45:00'),
(2, 'Abhishek Jain', 'hr.infosys@demo-placement.in', '$2a$12$Orzl5uTJ7S1lhJP1inQH2Oz0PuuubVsU4U.39qcMTgDnEJKDfMdy.', 'Infosys', 'https://www.infosys.com', 'Pune', 'IT Services', 'Technology consulting and next-generation digital services provider.', '9810386682', 340000, '2026-02-02 10:15:00', '2026-05-02 16:45:00'),
(3, 'Ritu Shah', 'hr.wipro@demo-placement.in', '$2a$12$Orzl5uTJ7S1lhJP1inQH2Oz0PuuubVsU4U.39qcMTgDnEJKDfMdy.', 'Wipro', 'https://www.wipro.com', 'Bengaluru', 'IT Services', 'Cloud, engineering, and business process transformation company.', '9710390473', 250000, '2026-02-03 10:15:00', '2026-05-03 16:45:00'),
(4, 'Madhav Menon', 'hr.hcltech@demo-placement.in', '$2a$12$Orzl5uTJ7S1lhJP1inQH2Oz0PuuubVsU4U.39qcMTgDnEJKDfMdy.', 'HCLTech', 'https://www.hcltech.com', 'Noida', 'IT Services', 'Global IT and engineering services organization.', '9610394264', 225000, '2026-02-04 10:15:00', '2026-05-04 16:45:00'),
(5, 'Bhavna Arora', 'hr.tech.mahindra@demo-placement.in', '$2a$12$Orzl5uTJ7S1lhJP1inQH2Oz0PuuubVsU4U.39qcMTgDnEJKDfMdy.', 'Tech Mahindra', 'https://www.techmahindra.com', 'Pune', 'IT Services', 'Digital engineering and telecom-focused IT solutions.', '9510398055', 145000, '2026-02-05 10:15:00', '2026-05-05 16:45:00'),
(6, 'Karan Bhatia', 'hr.persistent.systems@demo-placement.in', '$2a$12$Orzl5uTJ7S1lhJP1inQH2Oz0PuuubVsU4U.39qcMTgDnEJKDfMdy.', 'Persistent Systems', 'https://www.persistent.com', 'Pune', 'Product Engineering', 'Software product engineering and enterprise modernization company.', '9410401846', 23000, '2026-02-06 10:15:00', '2026-05-06 16:45:00'),
(7, 'Shalini Gupta', 'hr.landt.technology.services@demo-placement.in', '$2a$12$Orzl5uTJ7S1lhJP1inQH2Oz0PuuubVsU4U.39qcMTgDnEJKDfMdy.', 'L&T Technology Services', 'https://www.ltts.com', 'Vadodara', 'Engineering Services', 'Engineering R&D services for manufacturing, telecom, and mobility.', '9310405637', 24000, '2026-02-07 10:15:00', '2026-05-07 16:45:00'),
(8, 'Rohit Naidu', 'hr.reliance.jio.platforms@demo-placement.in', '$2a$12$Orzl5uTJ7S1lhJP1inQH2Oz0PuuubVsU4U.39qcMTgDnEJKDfMdy.', 'Reliance Jio Platforms', 'https://www.jio.com', 'Mumbai', 'Telecom Technology', 'Digital platforms, telecom products, and network innovation.', '9810409428', 35000, '2026-02-08 10:15:00', '2026-05-08 16:45:00'),
(9, 'Nikita Sinha', 'hr.capgemini.india@demo-placement.in', '$2a$12$Orzl5uTJ7S1lhJP1inQH2Oz0PuuubVsU4U.39qcMTgDnEJKDfMdy.', 'Capgemini India', 'https://www.capgemini.com/in-en', 'Mumbai', 'Consulting', 'Consulting, technology services, and business transformation.', '9710413219', 185000, '2026-02-09 10:15:00', '2026-05-09 16:45:00'),
(10, 'Vivek Tandon', 'hr.cognizant@demo-placement.in', '$2a$12$Orzl5uTJ7S1lhJP1inQH2Oz0PuuubVsU4U.39qcMTgDnEJKDfMdy.', 'Cognizant', 'https://www.cognizant.com', 'Chennai', 'IT Services', 'IT consulting, data engineering, and enterprise transformation.', '9610417010', 280000, '2026-02-10 10:15:00', '2026-05-10 16:45:00'),
(11, 'Prerna Rao', 'hr.oracle.financial.services@demo-placement.in', '$2a$12$Orzl5uTJ7S1lhJP1inQH2Oz0PuuubVsU4U.39qcMTgDnEJKDfMdy.', 'Oracle Financial Services', 'https://www.oracle.com/financial-services', 'Mumbai', 'FinTech', 'Banking technology products and enterprise financial software.', '9510420801', 9000, '2026-02-11 10:15:00', '2026-05-11 16:45:00'),
(12, 'Aman Bedi', 'hr.zs.associates@demo-placement.in', '$2a$12$Orzl5uTJ7S1lhJP1inQH2Oz0PuuubVsU4U.39qcMTgDnEJKDfMdy.', 'ZS Associates', 'https://www.zs.com', 'Pune', 'Analytics Consulting', 'Analytics, strategy, and technology consulting firm.', '9410424592', 13000, '2026-02-12 10:15:00', '2026-05-12 16:45:00'),
(13, 'Shruti Joshi', 'hr.deloitte.india@demo-placement.in', '$2a$12$Orzl5uTJ7S1lhJP1inQH2Oz0PuuubVsU4U.39qcMTgDnEJKDfMdy.', 'Deloitte India', 'https://www2.deloitte.com/in', 'Hyderabad', 'Consulting', 'Audit, consulting, risk advisory, and analytics practice.', '9310428383', 120000, '2026-02-13 10:15:00', '2026-05-01 16:45:00'),
(14, 'Nilesh Dave', 'hr.accenture.india@demo-placement.in', '$2a$12$Orzl5uTJ7S1lhJP1inQH2Oz0PuuubVsU4U.39qcMTgDnEJKDfMdy.', 'Accenture India', 'https://www.accenture.com/in-en', 'Bengaluru', 'Consulting', 'Cloud, AI, consulting, and managed services organization.', '9810432174', 300000, '2026-02-14 10:15:00', '2026-05-02 16:45:00'),
(15, 'Anupama Sen', 'hr.hexaware.technologies@demo-placement.in', '$2a$12$Orzl5uTJ7S1lhJP1inQH2Oz0PuuubVsU4U.39qcMTgDnEJKDfMdy.', 'Hexaware Technologies', 'https://hexaware.com', 'Navi Mumbai', 'IT Services', 'Automation-led IT and business process services firm.', '9710435965', 28000, '2026-02-15 10:15:00', '2026-05-03 16:45:00'),
(16, 'Varun Choksi', 'hr.mphasis@demo-placement.in', '$2a$12$Orzl5uTJ7S1lhJP1inQH2Oz0PuuubVsU4U.39qcMTgDnEJKDfMdy.', 'Mphasis', 'https://www.mphasis.com', 'Bengaluru', 'IT Services', 'Cloud and cognitive services for banking and insurance domains.', '9610439756', 32000, '2026-02-16 10:15:00', '2026-05-04 16:45:00'),
(17, 'Dhruvi Patel', 'hr.torrent.power@demo-placement.in', '$2a$12$Orzl5uTJ7S1lhJP1inQH2Oz0PuuubVsU4U.39qcMTgDnEJKDfMdy.', 'Torrent Power', 'https://www.torrentpower.com', 'Ahmedabad', 'Energy', 'Power generation, transmission, distribution, and smart utilities.', '9510443547', 9000, '2026-02-17 10:15:00', '2026-05-05 16:45:00'),
(18, 'Mitesh Soni', 'hr.adani.enterprises.digital.labs@demo-placement.in', '$2a$12$Orzl5uTJ7S1lhJP1inQH2Oz0PuuubVsU4U.39qcMTgDnEJKDfMdy.', 'Adani Enterprises Digital Labs', 'https://www.adani.com', 'Ahmedabad', 'Conglomerate Technology', 'Digital products and internal technology platforms for group businesses.', '9410447338', 12000, '2026-02-18 10:15:00', '2026-05-06 16:45:00'),
(19, 'Rashmi Kulshreshtha', 'hr.einfochips@demo-placement.in', '$2a$12$Orzl5uTJ7S1lhJP1inQH2Oz0PuuubVsU4U.39qcMTgDnEJKDfMdy.', 'eInfochips', 'https://www.einfochips.com', 'Ahmedabad', 'Semiconductor & Embedded', 'Product engineering and semiconductor design services.', '9310451129', 2500, '2026-02-19 10:15:00', '2026-05-07 16:45:00'),
(20, 'Jay Vora', 'hr.torus.innotech@demo-placement.in', '$2a$12$Orzl5uTJ7S1lhJP1inQH2Oz0PuuubVsU4U.39qcMTgDnEJKDfMdy.', 'Torus Innotech', 'https://www.torusinnotech.com', 'Ahmedabad', 'SaaS Product', 'Mid-size SaaS company focused on workflow automation products.', '9810454920', 450, '2026-02-20 10:15:00', '2026-05-08 16:45:00'),
(21, 'Pallav Gera', 'hr.byju.s.futureschool@demo-placement.in', '$2a$12$Orzl5uTJ7S1lhJP1inQH2Oz0PuuubVsU4U.39qcMTgDnEJKDfMdy.', 'Byju''s FutureSchool', 'https://byjus.com', 'Remote', 'EdTech', 'Education technology products for students and learners.', '9710458711', 15000, '2026-02-21 10:15:00', '2026-05-09 16:45:00'),
(22, 'Ira Basu', 'hr.openxcell@demo-placement.in', '$2a$12$Orzl5uTJ7S1lhJP1inQH2Oz0PuuubVsU4U.39qcMTgDnEJKDfMdy.', 'OpenXcell', 'https://www.openxcell.com', 'Ahmedabad', 'Software Development', 'Custom software development and web/mobile engineering company.', '9610462502', 900, '2026-02-22 10:15:00', '2026-05-10 16:45:00'),
(23, 'Tanmay Kulkarni', 'hr.aarav.solutions@demo-placement.in', '$2a$12$Orzl5uTJ7S1lhJP1inQH2Oz0PuuubVsU4U.39qcMTgDnEJKDfMdy.', 'Aarav Solutions', 'https://www.aaravsolutions.com', 'Vadodara', 'Telecom Software', 'OSS/BSS software products and digital solutions for telecom operators.', '9510466293', 700, '2026-02-23 10:15:00', '2026-05-11 16:45:00'),
(24, 'Srushti Parekh', 'hr.syndell.technologies@demo-placement.in', '$2a$12$Orzl5uTJ7S1lhJP1inQH2Oz0PuuubVsU4U.39qcMTgDnEJKDfMdy.', 'Syndell Technologies', 'https://www.syndelltech.com', 'Surat', 'Data Platforms', 'Data engineering, BI, and modern analytics services provider.', '9410470084', 350, '2026-02-24 10:15:00', '2026-05-12 16:45:00');

INSERT INTO `student` (`sid`, `sname`, `semail`, `spass`, `collegename`, `age`, `city`, `gender`, `smobileno`, `isverifed`, `dname`, `passingyear`, `result10`, `result12`, `avgcgpa`, `backlogs`, `created_at`, `updated_at`) VALUES
(1, 'Aarav Patel', 'aaravpatel1@student.demo.in', '$2a$12$8..KcaYzxz9HhmdpWjfDJ.48lEaJg.Rq5eg/BgTb5Y/.D79HY6I.i', 'L.D. College of Engineering', 20, 'Ahmedabad', 'Male', '9510761991', 'no', 'computer engineering', 2026, 74, 71, 8.90, 0, '2026-01-01 08:20:00', '2026-05-01 14:10:00'),
(2, 'Diya Shah', 'diyashah2@student.demo.in', '$2a$12$8..KcaYzxz9HhmdpWjfDJ.48lEaJg.Rq5eg/BgTb5Y/.D79HY6I.i', 'Dharmsinh Desai University', 21, 'Nadiad', 'Female', '9410765782', 'yes', 'information technology', 2026, 75, 73, 7.80, 0, '2026-01-02 08:20:00', '2026-05-02 14:10:00'),
(3, 'Krish Mehta', 'krishmehta3@student.demo.in', '$2a$12$8..KcaYzxz9HhmdpWjfDJ.48lEaJg.Rq5eg/BgTb5Y/.D79HY6I.i', 'Nirma University', 22, 'Ahmedabad', 'Male', '9310769573', 'yes', 'computer engineering', 2026, 76, 75, 9.10, 0, '2026-01-03 08:20:00', '2026-05-03 14:10:00'),
(4, 'Ananya Iyer', 'ananyaiyer4@student.demo.in', '$2a$12$8..KcaYzxz9HhmdpWjfDJ.48lEaJg.Rq5eg/BgTb5Y/.D79HY6I.i', 'Charusat University', 23, 'Anand', 'Female', '9810773364', 'yes', 'electronics and communication', 2026, 77, 77, 8, 1, '2026-01-04 08:20:00', '2026-05-04 14:10:00'),
(5, 'Yash Desai', 'yashdesai5@student.demo.in', '$2a$12$8..KcaYzxz9HhmdpWjfDJ.48lEaJg.Rq5eg/BgTb5Y/.D79HY6I.i', 'PDEU', 20, 'Gandhinagar', 'Male', '9710777155', 'yes', 'mechanical engineering', 2026, 78, 79, 7.20, 2, '2026-01-05 08:20:00', '2026-05-05 14:10:00'),
(6, 'Riya Trivedi', 'riyatrivedi6@student.demo.in', '$2a$12$8..KcaYzxz9HhmdpWjfDJ.48lEaJg.Rq5eg/BgTb5Y/.D79HY6I.i', 'MS University of Baroda', 21, 'Vadodara', 'Female', '9610780946', 'yes', 'civil engineering', 2026, 79, 81, 7, 0, '2026-01-06 08:20:00', '2026-05-06 14:10:00'),
(7, 'Nisarg Joshi', 'nisargjoshi7@student.demo.in', '$2a$12$8..KcaYzxz9HhmdpWjfDJ.48lEaJg.Rq5eg/BgTb5Y/.D79HY6I.i', 'Government Engineering College Gandhinagar', 22, 'Gandhinagar', 'Male', '9510784737', 'yes', 'electrical engineering', 2026, 80, 83, 6.80, 1, '2026-01-07 08:20:00', '2026-05-07 14:10:00'),
(8, 'Mihika Nair', 'mihikanair8@student.demo.in', '$2a$12$8..KcaYzxz9HhmdpWjfDJ.48lEaJg.Rq5eg/BgTb5Y/.D79HY6I.i', 'SVNIT Surat', 23, 'Surat', 'Female', '9410788528', 'no', 'computer engineering', 2026, 81, 85, 8.70, 0, '2026-01-08 08:20:00', '2026-05-08 14:10:00'),
(9, 'Parth Bhatt', 'parthbhatt9@student.demo.in', '$2a$12$8..KcaYzxz9HhmdpWjfDJ.48lEaJg.Rq5eg/BgTb5Y/.D79HY6I.i', 'DAIICT', 20, 'Gandhinagar', 'Male', '9310792319', 'yes', 'information technology', 2026, 82, 87, 8.40, 0, '2026-01-09 08:20:00', '2026-05-09 14:10:00'),
(10, 'Ishita Kapoor', 'ishitakapoor10@student.demo.in', '$2a$12$8..KcaYzxz9HhmdpWjfDJ.48lEaJg.Rq5eg/BgTb5Y/.D79HY6I.i', 'Parul University', 21, 'Vadodara', 'Female', '9810796110', 'yes', 'computer engineering', 2026, 83, 89, 9, 0, '2026-01-10 08:20:00', '2026-05-10 14:10:00'),
(11, 'Devansh Sharma', 'devanshsharma11@student.demo.in', '$2a$12$8..KcaYzxz9HhmdpWjfDJ.48lEaJg.Rq5eg/BgTb5Y/.D79HY6I.i', 'Pandit Deendayal Energy University', 22, 'Gandhinagar', 'Male', '9710799901', 'yes', 'petroleum engineering', 2026, 84, 72, 7.50, 1, '2026-01-11 08:20:00', '2026-05-11 14:10:00'),
(12, 'Tanvi Kulkarni', 'tanvikulkarni12@student.demo.in', '$2a$12$8..KcaYzxz9HhmdpWjfDJ.48lEaJg.Rq5eg/BgTb5Y/.D79HY6I.i', 'Silver Oak University', 23, 'Ahmedabad', 'Female', '9610803692', 'yes', 'computer engineering', 2026, 85, 74, 8.60, 0, '2026-01-12 08:20:00', '2026-05-12 14:10:00'),
(13, 'Meet Panchal', 'meetpanchal13@student.demo.in', '$2a$12$8..KcaYzxz9HhmdpWjfDJ.48lEaJg.Rq5eg/BgTb5Y/.D79HY6I.i', 'Indus University', 20, 'Ahmedabad', 'Male', '9510807483', 'yes', 'artificial intelligence and data science', 2026, 86, 76, 8.20, 0, '2026-01-13 08:20:00', '2026-05-13 14:10:00'),
(14, 'Sakshi Bedi', 'sakshibedi14@student.demo.in', '$2a$12$8..KcaYzxz9HhmdpWjfDJ.48lEaJg.Rq5eg/BgTb5Y/.D79HY6I.i', 'Ganpat University', 21, 'Mehsana', 'Female', '9410811274', 'yes', 'computer engineering', 2026, 87, 78, 7.90, 1, '2026-01-14 08:20:00', '2026-05-01 14:10:00'),
(15, 'Harsh Vyas', 'harshvyas15@student.demo.in', '$2a$12$8..KcaYzxz9HhmdpWjfDJ.48lEaJg.Rq5eg/BgTb5Y/.D79HY6I.i', 'RK University', 22, 'Rajkot', 'Male', '9310815065', 'no', 'mechanical engineering', 2026, 88, 80, 6.90, 2, '2026-01-15 08:20:00', '2026-05-02 14:10:00'),
(16, 'Jhanvi Modi', 'jhanvimodi16@student.demo.in', '$2a$12$8..KcaYzxz9HhmdpWjfDJ.48lEaJg.Rq5eg/BgTb5Y/.D79HY6I.i', 'Marwadi University', 23, 'Rajkot', 'Female', '9810818856', 'yes', 'computer engineering', 2026, 89, 82, 8.80, 0, '2026-01-16 08:20:00', '2026-05-03 14:10:00'),
(17, 'Rutvik Gohil', 'rutvikgohil17@student.demo.in', '$2a$12$8..KcaYzxz9HhmdpWjfDJ.48lEaJg.Rq5eg/BgTb5Y/.D79HY6I.i', 'Atmiya University', 20, 'Rajkot', 'Male', '9710822647', 'yes', 'electronics and communication', 2026, 90, 84, 7.40, 1, '2026-01-17 08:20:00', '2026-05-04 14:10:00'),
(18, 'Khushi Soni', 'khushisoni18@student.demo.in', '$2a$12$8..KcaYzxz9HhmdpWjfDJ.48lEaJg.Rq5eg/BgTb5Y/.D79HY6I.i', 'Uka Tarsadia University', 21, 'Bardoli', 'Female', '9610826438', 'yes', 'information technology', 2026, 74, 86, 8.10, 0, '2026-01-18 08:20:00', '2026-05-05 14:10:00'),
(19, 'Vedant Tiwari', 'vedanttiwari19@student.demo.in', '$2a$12$8..KcaYzxz9HhmdpWjfDJ.48lEaJg.Rq5eg/BgTb5Y/.D79HY6I.i', 'Adani University', 22, 'Ahmedabad', 'Male', '9510830229', 'yes', 'computer engineering', 2026, 75, 88, 8.50, 0, '2026-01-19 08:20:00', '2026-05-06 14:10:00'),
(20, 'Nandini Rao', 'nandinirao20@student.demo.in', '$2a$12$8..KcaYzxz9HhmdpWjfDJ.48lEaJg.Rq5eg/BgTb5Y/.D79HY6I.i', 'CEPT University', 23, 'Ahmedabad', 'Female', '9410834020', 'yes', 'architecture technology', 2026, 76, 71, 7.70, 0, '2026-01-20 08:20:00', '2026-05-07 14:10:00'),
(21, 'Pratham Dubey', 'prathamdubey21@student.demo.in', '$2a$12$8..KcaYzxz9HhmdpWjfDJ.48lEaJg.Rq5eg/BgTb5Y/.D79HY6I.i', 'L.D. College of Engineering', 20, 'Ahmedabad', 'Male', '9310837811', 'yes', 'information technology', 2026, 77, 73, 7.60, 1, '2026-01-21 08:20:00', '2026-05-08 14:10:00'),
(22, 'Heerani Chauhan', 'heeranichauhan22@student.demo.in', '$2a$12$8..KcaYzxz9HhmdpWjfDJ.48lEaJg.Rq5eg/BgTb5Y/.D79HY6I.i', 'Dharmsinh Desai University', 21, 'Nadiad', 'Female', '9810841602', 'no', 'computer engineering', 2026, 78, 75, 8.30, 0, '2026-01-22 08:20:00', '2026-05-09 14:10:00'),
(23, 'Omkar Jadhav', 'omkarjadhav23@student.demo.in', '$2a$12$8..KcaYzxz9HhmdpWjfDJ.48lEaJg.Rq5eg/BgTb5Y/.D79HY6I.i', 'Nirma University', 22, 'Ahmedabad', 'Male', '9710845393', 'yes', 'electronics and communication', 2026, 79, 77, 7.30, 2, '2026-01-23 08:20:00', '2026-05-10 14:10:00'),
(24, 'Snehal Mistry', 'snehalmistry24@student.demo.in', '$2a$12$8..KcaYzxz9HhmdpWjfDJ.48lEaJg.Rq5eg/BgTb5Y/.D79HY6I.i', 'Charusat University', 23, 'Anand', 'Female', '9610849184', 'yes', 'mechanical engineering', 2026, 80, 79, 6.70, 1, '2026-01-24 08:20:00', '2026-05-11 14:10:00'),
(25, 'Rahul Solanki', 'rahulsolanki25@student.demo.in', '$2a$12$8..KcaYzxz9HhmdpWjfDJ.48lEaJg.Rq5eg/BgTb5Y/.D79HY6I.i', 'PDEU', 20, 'Gandhinagar', 'Male', '9510852975', 'yes', 'electrical engineering', 2026, 81, 81, 7.10, 1, '2026-01-25 08:20:00', '2026-05-12 14:10:00'),
(26, 'Aditi Menon', 'aditimenon26@student.demo.in', '$2a$12$8..KcaYzxz9HhmdpWjfDJ.48lEaJg.Rq5eg/BgTb5Y/.D79HY6I.i', 'MS University of Baroda', 21, 'Vadodara', 'Female', '9410856766', 'yes', 'computer engineering', 2026, 82, 83, 8.90, 0, '2026-01-26 08:20:00', '2026-05-13 14:10:00'),
(27, 'Darshil Gandhi', 'darshilgandhi27@student.demo.in', '$2a$12$8..KcaYzxz9HhmdpWjfDJ.48lEaJg.Rq5eg/BgTb5Y/.D79HY6I.i', 'Government Engineering College Gandhinagar', 22, 'Gandhinagar', 'Male', '9310860557', 'yes', 'civil engineering', 2026, 83, 85, 6.80, 2, '2026-01-27 08:20:00', '2026-05-01 14:10:00'),
(28, 'Pallavi Rane', 'pallavirane28@student.demo.in', '$2a$12$8..KcaYzxz9HhmdpWjfDJ.48lEaJg.Rq5eg/BgTb5Y/.D79HY6I.i', 'SVNIT Surat', 23, 'Surat', 'Female', '9810864348', 'yes', 'artificial intelligence and data science', 2026, 84, 87, 8.40, 0, '2026-01-28 08:20:00', '2026-05-02 14:10:00'),
(29, 'Kunal Saxena', 'kunalsaxena29@student.demo.in', '$2a$12$8..KcaYzxz9HhmdpWjfDJ.48lEaJg.Rq5eg/BgTb5Y/.D79HY6I.i', 'DAIICT', 20, 'Gandhinagar', 'Male', '9710868139', 'no', 'computer engineering', 2026, 85, 89, 8.60, 0, '2026-01-01 08:20:00', '2026-05-03 14:10:00'),
(30, 'Mansi Kothari', 'mansikothari30@student.demo.in', '$2a$12$8..KcaYzxz9HhmdpWjfDJ.48lEaJg.Rq5eg/BgTb5Y/.D79HY6I.i', 'Parul University', 21, 'Vadodara', 'Female', '9610871930', 'yes', 'information technology', 2026, 86, 72, 8, 0, '2026-01-02 08:20:00', '2026-05-04 14:10:00');

INSERT INTO `jobdetail` (`jid`, `cid`, `place`, `salary`, `bondyears`, `servagree`, `jobtype`, `jobinfo`, `vacancy`, `minavgcp`, `minblog`, `lastdate`, `dateexam`, `dateinterview`, `college`, `department`, `request`, `accepted`, `rejected`, `created_at`, `updated_at`) VALUES
(1, 1, 'Ahmedabad', 4.50, 1, 'Yes', 'Graduate Engineer Trainee', 'Entry-level role supporting development, testing, and deployment across client projects. Hiring focus for computer engineering, information technology candidates with good communication and problem-solving skills.', 4, 6.50, 2, '2026-06-02', '2026-06-07', '2026-06-13', 'L.D. College of Engineering', 'computer engineering, information technology', 'yes', 'yes', 'no', '2026-04-02 10:00:00', '2026-05-02 15:00:00'),
(2, 2, 'Gandhinagar', 7.15, 0, 'No', 'Software Engineer', 'Full-stack engineering role with API development, debugging, and production support responsibilities. Hiring focus for computer engineering, information technology, artificial intelligence and data science candidates with good communication and problem-solving skills.', 5, 6.80, 0, '2026-06-03', '2026-06-08', '2026-06-14', 'Dharmsinh Desai University', 'computer engineering, information technology, artificial intelligence and data science', 'yes', 'yes', 'no', '2026-04-03 10:00:00', '2026-05-03 15:00:00'),
(3, 3, 'Vadodara', 6.50, 0, 'No', 'Associate Analyst', 'Business analytics and SQL-heavy role with reporting, dashboards, and stakeholder communication. Hiring focus for electronics and communication, electrical engineering candidates with good communication and problem-solving skills.', 6, 7.10, 0, '2026-06-04', '2026-06-09', '2026-06-15', 'Nirma University', 'electronics and communication, electrical engineering', 'yes', 'yes', 'no', '2026-04-04 10:00:00', '2026-05-04 15:00:00'),
(4, 4, 'Surat', 8.25, 0, 'No', 'Data Engineer Trainee', 'Role focused on ETL pipelines, SQL transformations, and cloud data warehousing. Hiring focus for mechanical engineering, civil engineering candidates with good communication and problem-solving skills.', 7, 7.40, 0, '2026-06-05', '2026-06-10', '2026-06-16', 'Charusat University', 'mechanical engineering, civil engineering', 'yes', 'yes', 'no', '2026-04-05 10:00:00', '2026-05-05 15:00:00'),
(5, 5, 'Pune', 6.80, 1, 'Yes', 'QA Automation Engineer', 'Test automation role using scripting, API validation, and CI pipeline checks. Hiring focus for all departments candidates with good communication and problem-solving skills.', 8, 7.70, 0, NULL, NULL, NULL, 'PDEU', 'all departments', 'yes', 'no', 'no', '2026-04-06 10:00:00', '2026-05-06 15:00:00'),
(6, 6, 'Bengaluru', 6.20, 1, 'Yes', 'Embedded Systems Trainee', 'Hands-on embedded development role for device firmware and board validation. Hiring focus for computer engineering, information technology candidates with good communication and problem-solving skills.', 9, 6.50, 0, NULL, NULL, NULL, 'MS University of Baroda', 'computer engineering, information technology', 'yes', 'no', 'yes', '2026-04-07 10:00:00', '2026-05-07 15:00:00'),
(7, 7, 'Hyderabad', 7.85, 0, 'No', 'Business Technology Analyst', 'Consulting-oriented role working across client delivery, documentation, and analytics. Hiring focus for computer engineering, information technology, artificial intelligence and data science candidates with good communication and problem-solving skills.', 10, 6.80, 2, '2026-06-08', '2026-06-13', '2026-06-19', 'Government Engineering College Gandhinagar', 'computer engineering, information technology, artificial intelligence and data science', 'no', 'no', 'no', '2026-04-08 10:00:00', '2026-05-08 15:00:00'),
(8, 8, 'Mumbai', 4.90, 0, 'No', 'Management Trainee - Operations', 'Operations and coordination role with Excel reporting, process tracking, and client support. Hiring focus for electronics and communication, electrical engineering candidates with good communication and problem-solving skills.', 11, 7.10, 0, '2026-06-09', '2026-06-14', '2026-06-20', 'SVNIT Surat', 'electronics and communication, electrical engineering', 'yes', 'yes', 'no', '2026-04-09 10:00:00', '2026-05-09 15:00:00'),
(9, 9, 'Remote', 5.55, 1, 'Yes', 'Graduate Engineer Trainee', 'Entry-level role supporting development, testing, and deployment across client projects. Hiring focus for mechanical engineering, civil engineering candidates with good communication and problem-solving skills.', 12, 7.40, 0, '2026-06-10', '2026-06-15', '2026-06-21', 'DAIICT', 'mechanical engineering, civil engineering', 'yes', 'yes', 'no', '2026-04-10 10:00:00', '2026-05-10 15:00:00'),
(10, 10, 'Ahmedabad', 8.20, 0, 'No', 'Software Engineer', 'Full-stack engineering role with API development, debugging, and production support responsibilities. Hiring focus for all departments candidates with good communication and problem-solving skills.', 4, 7.70, 0, '2026-06-11', '2026-06-16', '2026-06-22', 'Parul University', 'all departments', 'yes', 'yes', 'no', '2026-04-11 10:00:00', '2026-05-11 15:00:00'),
(11, 11, 'Gandhinagar', 5.80, 0, 'No', 'Associate Analyst', 'Business analytics and SQL-heavy role with reporting, dashboards, and stakeholder communication. Hiring focus for computer engineering, information technology candidates with good communication and problem-solving skills.', 5, 6.50, 0, '2026-06-12', '2026-06-17', '2026-06-23', 'Pandit Deendayal Energy University', 'computer engineering, information technology', 'yes', 'yes', 'no', '2026-04-12 10:00:00', '2026-05-12 15:00:00'),
(12, 12, 'Vadodara', 7.55, 0, 'No', 'Data Engineer Trainee', 'Role focused on ETL pipelines, SQL transformations, and cloud data warehousing. Hiring focus for computer engineering, information technology, artificial intelligence and data science candidates with good communication and problem-solving skills.', 6, 6.80, 0, '2026-06-13', '2026-06-18', '2026-06-24', 'Silver Oak University', 'computer engineering, information technology, artificial intelligence and data science', 'yes', 'yes', 'no', '2026-04-13 10:00:00', '2026-05-01 15:00:00'),
(13, 13, 'Surat', 6.10, 1, 'Yes', 'QA Automation Engineer', 'Test automation role using scripting, API validation, and CI pipeline checks. Hiring focus for electronics and communication, electrical engineering candidates with good communication and problem-solving skills.', 7, 7.10, 2, NULL, NULL, NULL, 'Indus University', 'electronics and communication, electrical engineering', 'yes', 'no', 'no', '2026-04-14 10:00:00', '2026-05-02 15:00:00'),
(14, 14, 'Pune', 7.25, 1, 'Yes', 'Embedded Systems Trainee', 'Hands-on embedded development role for device firmware and board validation. Hiring focus for mechanical engineering, civil engineering candidates with good communication and problem-solving skills.', 8, 7.40, 0, '2026-06-15', '2026-06-20', '2026-06-26', 'Ganpat University', 'mechanical engineering, civil engineering', 'no', 'no', 'no', '2026-04-15 10:00:00', '2026-05-03 15:00:00'),
(15, 15, 'Bengaluru', 8.90, 0, 'No', 'Business Technology Analyst', 'Consulting-oriented role working across client delivery, documentation, and analytics. Hiring focus for all departments candidates with good communication and problem-solving skills.', 9, 7.70, 0, '2026-06-16', '2026-06-21', '2026-06-27', 'RK University', 'all departments', 'no', 'no', 'no', '2026-04-16 10:00:00', '2026-05-04 15:00:00'),
(16, 16, 'Hyderabad', 4.20, 0, 'No', 'Management Trainee - Operations', 'Operations and coordination role with Excel reporting, process tracking, and client support. Hiring focus for computer engineering, information technology candidates with good communication and problem-solving skills.', 10, 6.50, 0, '2026-06-17', '2026-06-22', '2026-06-28', 'Marwadi University', 'computer engineering, information technology', 'yes', 'yes', 'no', '2026-04-17 10:00:00', '2026-05-05 15:00:00'),
(17, 17, 'Mumbai', 4.85, 1, 'Yes', 'Graduate Engineer Trainee', 'Entry-level role supporting development, testing, and deployment across client projects. Hiring focus for computer engineering, information technology, artificial intelligence and data science candidates with good communication and problem-solving skills.', 11, 6.80, 0, NULL, NULL, NULL, 'Atmiya University', 'computer engineering, information technology, artificial intelligence and data science', 'yes', 'no', 'no', '2026-04-18 10:00:00', '2026-05-06 15:00:00'),
(18, 18, 'Remote', 7.50, 0, 'No', 'Software Engineer', 'Full-stack engineering role with API development, debugging, and production support responsibilities. Hiring focus for electronics and communication, electrical engineering candidates with good communication and problem-solving skills.', 12, 7.10, 0, '2026-06-19', '2026-06-24', '2026-06-02', 'Uka Tarsadia University', 'electronics and communication, electrical engineering', 'yes', 'yes', 'no', '2026-04-19 10:00:00', '2026-05-07 15:00:00'),
(19, 19, 'Ahmedabad', 6.85, 0, 'No', 'Associate Analyst', 'Business analytics and SQL-heavy role with reporting, dashboards, and stakeholder communication. Hiring focus for mechanical engineering, civil engineering candidates with good communication and problem-solving skills.', 4, 7.40, 2, '2026-06-20', '2026-06-25', '2026-06-03', 'Adani University', 'mechanical engineering, civil engineering', 'yes', 'yes', 'no', '2026-04-20 10:00:00', '2026-05-08 15:00:00'),
(20, 20, 'Gandhinagar', 8.60, 0, 'No', 'Data Engineer Trainee', 'Role focused on ETL pipelines, SQL transformations, and cloud data warehousing. Hiring focus for all departments candidates with good communication and problem-solving skills.', 5, 7.70, 0, '2026-06-21', '2026-06-26', '2026-06-04', 'CEPT University', 'all departments', 'no', 'no', 'no', '2026-04-21 10:00:00', '2026-05-09 15:00:00'),
(21, 21, 'Vadodara', 5.40, 1, 'Yes', 'QA Automation Engineer', 'Test automation role using scripting, API validation, and CI pipeline checks. Hiring focus for computer engineering, information technology candidates with good communication and problem-solving skills.', 6, 6.50, 0, '2026-06-22', '2026-06-27', '2026-06-05', 'all', 'computer engineering, information technology', 'no', 'no', 'no', '2026-04-22 10:00:00', '2026-05-10 15:00:00'),
(22, 22, 'Surat', 6.55, 1, 'Yes', 'Embedded Systems Trainee', 'Hands-on embedded development role for device firmware and board validation. Hiring focus for computer engineering, information technology, artificial intelligence and data science candidates with good communication and problem-solving skills.', 7, 6.80, 0, '2026-06-23', '2026-06-28', '2026-06-06', 'Dharmsinh Desai University', 'computer engineering, information technology, artificial intelligence and data science', 'no', 'no', 'no', '2026-04-23 10:00:00', '2026-05-11 15:00:00'),
(23, 23, 'Pune', 8.20, 0, 'No', 'Business Technology Analyst', 'Consulting-oriented role working across client delivery, documentation, and analytics. Hiring focus for electronics and communication, electrical engineering candidates with good communication and problem-solving skills.', 8, 7.10, 0, '2026-06-24', '2026-06-01', '2026-06-07', 'Nirma University', 'electronics and communication, electrical engineering', 'no', 'no', 'no', '2026-04-24 10:00:00', '2026-05-12 15:00:00'),
(24, 24, 'Bengaluru', 5.25, 0, 'No', 'Management Trainee - Operations', 'Operations and coordination role with Excel reporting, process tracking, and client support. Hiring focus for mechanical engineering, civil engineering candidates with good communication and problem-solving skills.', 9, 7.40, 0, '2026-06-25', '2026-06-02', '2026-06-08', 'Charusat University', 'mechanical engineering, civil engineering', 'no', 'no', 'no', '2026-04-25 10:00:00', '2026-05-01 15:00:00'),
(25, 1, 'Hyderabad', 5.90, 1, 'Yes', 'Graduate Engineer Trainee', 'Entry-level role supporting development, testing, and deployment across client projects. Hiring focus for all departments candidates with good communication and problem-solving skills.', 10, 7.70, 2, '2026-06-26', '2026-06-03', '2026-06-09', 'all', 'all departments', 'no', 'no', 'no', '2026-04-26 10:00:00', '2026-05-02 15:00:00'),
(26, 2, 'Mumbai', 6.80, 0, 'No', 'Software Engineer', 'Full-stack engineering role with API development, debugging, and production support responsibilities. Hiring focus for computer engineering, information technology candidates with good communication and problem-solving skills.', 11, 6.50, 0, '2026-06-27', '2026-06-04', '2026-06-10', 'MS University of Baroda', 'computer engineering, information technology', 'no', 'no', 'no', '2026-04-27 10:00:00', '2026-05-03 15:00:00'),
(27, 3, 'Remote', 6.15, 0, 'No', 'Associate Analyst', 'Business analytics and SQL-heavy role with reporting, dashboards, and stakeholder communication. Hiring focus for computer engineering, information technology, artificial intelligence and data science candidates with good communication and problem-solving skills.', 12, 6.80, 0, '2026-06-28', '2026-06-05', '2026-06-11', 'Government Engineering College Gandhinagar', 'computer engineering, information technology, artificial intelligence and data science', 'no', 'no', 'no', '2026-04-28 10:00:00', '2026-05-04 15:00:00'),
(28, 4, 'Ahmedabad', 7.90, 0, 'No', 'Data Engineer Trainee', 'Role focused on ETL pipelines, SQL transformations, and cloud data warehousing. Hiring focus for electronics and communication, electrical engineering candidates with good communication and problem-solving skills.', 4, 7.10, 0, '2026-06-01', '2026-06-06', '2026-06-12', 'SVNIT Surat', 'electronics and communication, electrical engineering', 'no', 'no', 'no', '2026-04-01 10:00:00', '2026-05-05 15:00:00'),
(29, 5, 'Gandhinagar', 6.45, 1, 'Yes', 'QA Automation Engineer', 'Test automation role using scripting, API validation, and CI pipeline checks. Hiring focus for mechanical engineering, civil engineering candidates with good communication and problem-solving skills.', 5, 7.40, 0, '2026-06-02', '2026-06-07', '2026-06-13', 'all', 'mechanical engineering, civil engineering', 'no', 'no', 'no', '2026-04-02 10:00:00', '2026-05-06 15:00:00'),
(30, 6, 'Vadodara', 7.60, 1, 'Yes', 'Embedded Systems Trainee', 'Hands-on embedded development role for device firmware and board validation. Hiring focus for all departments candidates with good communication and problem-solving skills.', 6, 7.70, 0, '2026-06-03', '2026-06-08', '2026-06-14', 'Parul University', 'all departments', 'no', 'no', 'no', '2026-04-03 10:00:00', '2026-05-07 15:00:00');

INSERT INTO `applied` (`aid`, `jid`, `cid`, `sid`, `iseligible`, `applied_at`, `created_at`, `updated_at`) VALUES
(1, 1, 1, 1, 'yes', '2026-05-01 09:25:00', '2026-05-01 09:25:00', '2026-05-01 09:25:00'),
(2, 10, 10, 1, 'yes', '2026-05-02 10:25:00', '2026-05-02 10:25:00', '2026-05-02 10:25:00'),
(3, 18, 18, 1, 'yes', '2026-05-03 11:25:00', '2026-05-03 11:25:00', '2026-05-03 11:25:00'),
(4, 2, 2, 2, 'yes', '2026-05-02 09:25:00', '2026-05-02 09:25:00', '2026-05-02 09:25:00'),
(5, 11, 11, 2, 'yes', '2026-05-03 10:25:00', '2026-05-03 10:25:00', '2026-05-03 10:25:00'),
(6, 3, 3, 3, 'yes', '2026-05-03 09:25:00', '2026-05-03 09:25:00', '2026-05-03 09:25:00'),
(7, 12, 12, 3, 'yes', '2026-05-04 10:25:00', '2026-05-04 10:25:00', '2026-05-04 10:25:00'),
(8, 4, 4, 4, 'no', '2026-05-04 09:25:00', '2026-05-04 09:25:00', '2026-05-04 09:25:00'),
(9, 14, 14, 4, 'no', '2026-05-05 10:25:00', '2026-05-05 10:25:00', '2026-05-05 10:25:00'),
(10, 21, 21, 4, 'no', '2026-05-06 11:25:00', '2026-05-06 11:25:00', '2026-05-06 11:25:00'),
(11, 7, 7, 5, 'yes', '2026-05-05 09:25:00', '2026-05-05 09:25:00', '2026-05-05 09:25:00'),
(12, 15, 15, 5, 'no', '2026-05-06 10:25:00', '2026-05-06 10:25:00', '2026-05-06 10:25:00'),
(13, 8, 8, 6, 'no', '2026-05-06 09:25:00', '2026-05-06 09:25:00', '2026-05-06 09:25:00'),
(14, 16, 16, 6, 'yes', '2026-05-07 10:25:00', '2026-05-07 10:25:00', '2026-05-07 10:25:00'),
(15, 9, 9, 7, 'no', '2026-05-07 09:25:00', '2026-05-07 09:25:00', '2026-05-07 09:25:00'),
(16, 18, 18, 7, 'no', '2026-05-08 10:25:00', '2026-05-08 10:25:00', '2026-05-08 10:25:00'),
(17, 24, 24, 7, 'no', '2026-05-09 11:25:00', '2026-05-09 11:25:00', '2026-05-09 11:25:00'),
(18, 10, 10, 8, 'yes', '2026-05-08 09:25:00', '2026-05-08 09:25:00', '2026-05-08 09:25:00'),
(19, 19, 19, 8, 'yes', '2026-05-09 10:25:00', '2026-05-09 10:25:00', '2026-05-09 10:25:00'),
(20, 11, 11, 9, 'yes', '2026-05-09 09:25:00', '2026-05-09 09:25:00', '2026-05-09 09:25:00'),
(21, 20, 20, 9, 'yes', '2026-05-10 10:25:00', '2026-05-10 10:25:00', '2026-05-10 10:25:00'),
(22, 12, 12, 10, 'yes', '2026-05-10 09:25:00', '2026-05-10 09:25:00', '2026-05-10 09:25:00'),
(23, 21, 21, 10, 'yes', '2026-05-11 10:25:00', '2026-05-11 10:25:00', '2026-05-11 10:25:00'),
(24, 27, 3, 10, 'yes', '2026-05-12 11:25:00', '2026-05-12 11:25:00', '2026-05-12 11:25:00'),
(25, 14, 14, 11, 'no', '2026-05-11 09:25:00', '2026-05-11 09:25:00', '2026-05-11 09:25:00'),
(26, 22, 22, 11, 'no', '2026-05-12 10:25:00', '2026-05-12 10:25:00', '2026-05-12 10:25:00'),
(27, 15, 15, 12, 'yes', '2026-05-12 09:25:00', '2026-05-12 09:25:00', '2026-05-12 09:25:00'),
(28, 23, 23, 12, 'yes', '2026-05-13 10:25:00', '2026-05-13 10:25:00', '2026-05-13 10:25:00'),
(29, 16, 16, 13, 'yes', '2026-05-13 09:25:00', '2026-05-13 09:25:00', '2026-05-13 09:25:00'),
(30, 24, 24, 13, 'yes', '2026-05-14 10:25:00', '2026-05-14 10:25:00', '2026-05-14 10:25:00'),
(31, 30, 6, 13, 'yes', '2026-05-01 11:25:00', '2026-05-01 11:25:00', '2026-05-01 11:25:00'),
(32, 18, 18, 14, 'no', '2026-05-14 09:25:00', '2026-05-14 09:25:00', '2026-05-14 09:25:00'),
(33, 25, 1, 14, 'yes', '2026-05-01 10:25:00', '2026-05-01 10:25:00', '2026-05-01 10:25:00'),
(34, 19, 19, 15, 'no', '2026-05-01 09:25:00', '2026-05-01 09:25:00', '2026-05-01 09:25:00'),
(35, 26, 2, 15, 'no', '2026-05-02 10:25:00', '2026-05-02 10:25:00', '2026-05-02 10:25:00'),
(36, 20, 20, 16, 'yes', '2026-05-02 09:25:00', '2026-05-02 09:25:00', '2026-05-02 09:25:00'),
(37, 27, 3, 16, 'yes', '2026-05-03 10:25:00', '2026-05-03 10:25:00', '2026-05-03 10:25:00'),
(38, 3, 3, 16, 'yes', '2026-05-04 11:25:00', '2026-05-04 11:25:00', '2026-05-04 11:25:00'),
(39, 21, 21, 17, 'no', '2026-05-03 09:25:00', '2026-05-03 09:25:00', '2026-05-03 09:25:00'),
(40, 28, 4, 17, 'no', '2026-05-04 10:25:00', '2026-05-04 10:25:00', '2026-05-04 10:25:00'),
(41, 22, 22, 18, 'yes', '2026-05-04 09:25:00', '2026-05-04 09:25:00', '2026-05-04 09:25:00'),
(42, 29, 5, 18, 'yes', '2026-05-05 10:25:00', '2026-05-05 10:25:00', '2026-05-05 10:25:00'),
(43, 23, 23, 19, 'yes', '2026-05-05 09:25:00', '2026-05-05 09:25:00', '2026-05-05 09:25:00'),
(44, 30, 6, 19, 'yes', '2026-05-06 10:25:00', '2026-05-06 10:25:00', '2026-05-06 10:25:00'),
(45, 8, 8, 19, 'yes', '2026-05-07 11:25:00', '2026-05-07 11:25:00', '2026-05-07 11:25:00'),
(46, 24, 24, 20, 'yes', '2026-05-06 09:25:00', '2026-05-06 09:25:00', '2026-05-06 09:25:00'),
(47, 1, 1, 20, 'yes', '2026-05-07 10:25:00', '2026-05-07 10:25:00', '2026-05-07 10:25:00'),
(48, 25, 1, 21, 'no', '2026-05-07 09:25:00', '2026-05-07 09:25:00', '2026-05-07 09:25:00'),
(49, 2, 2, 21, 'no', '2026-05-08 10:25:00', '2026-05-08 10:25:00', '2026-05-08 10:25:00'),
(50, 26, 2, 22, 'yes', '2026-05-08 09:25:00', '2026-05-08 09:25:00', '2026-05-08 09:25:00'),
(51, 3, 3, 22, 'yes', '2026-05-09 10:25:00', '2026-05-09 10:25:00', '2026-05-09 10:25:00'),
(52, 11, 11, 22, 'yes', '2026-05-10 11:25:00', '2026-05-10 11:25:00', '2026-05-10 11:25:00'),
(53, 27, 3, 23, 'no', '2026-05-09 09:25:00', '2026-05-09 09:25:00', '2026-05-09 09:25:00'),
(54, 4, 4, 23, 'no', '2026-05-10 10:25:00', '2026-05-10 10:25:00', '2026-05-10 10:25:00'),
(55, 28, 4, 24, 'no', '2026-05-10 09:25:00', '2026-05-10 09:25:00', '2026-05-10 09:25:00'),
(56, 7, 7, 24, 'no', '2026-05-11 10:25:00', '2026-05-11 10:25:00', '2026-05-11 10:25:00'),
(57, 29, 5, 25, 'no', '2026-05-11 09:25:00', '2026-05-11 09:25:00', '2026-05-11 09:25:00'),
(58, 8, 8, 25, 'no', '2026-05-12 10:25:00', '2026-05-12 10:25:00', '2026-05-12 10:25:00'),
(59, 15, 15, 25, 'no', '2026-05-13 11:25:00', '2026-05-13 11:25:00', '2026-05-13 11:25:00'),
(60, 30, 6, 26, 'yes', '2026-05-12 09:25:00', '2026-05-12 09:25:00', '2026-05-12 09:25:00'),
(61, 9, 9, 26, 'yes', '2026-05-13 10:25:00', '2026-05-13 10:25:00', '2026-05-13 10:25:00'),
(62, 1, 1, 27, 'yes', '2026-05-13 09:25:00', '2026-05-13 09:25:00', '2026-05-13 09:25:00'),
(63, 10, 10, 27, 'no', '2026-05-14 10:25:00', '2026-05-14 10:25:00', '2026-05-14 10:25:00'),
(64, 2, 2, 28, 'yes', '2026-05-14 09:25:00', '2026-05-14 09:25:00', '2026-05-14 09:25:00'),
(65, 11, 11, 28, 'yes', '2026-05-01 10:25:00', '2026-05-01 10:25:00', '2026-05-01 10:25:00'),
(66, 19, 19, 28, 'yes', '2026-05-02 11:25:00', '2026-05-02 11:25:00', '2026-05-02 11:25:00'),
(67, 3, 3, 29, 'yes', '2026-05-01 09:25:00', '2026-05-01 09:25:00', '2026-05-01 09:25:00'),
(68, 12, 12, 29, 'yes', '2026-05-02 10:25:00', '2026-05-02 10:25:00', '2026-05-02 10:25:00'),
(69, 4, 4, 30, 'yes', '2026-05-02 09:25:00', '2026-05-02 09:25:00', '2026-05-02 09:25:00'),
(70, 14, 14, 30, 'yes', '2026-05-03 10:25:00', '2026-05-03 10:25:00', '2026-05-03 10:25:00');

INSERT INTO `student_profile` (`profile_id`, `sid`, `headline`, `github_url`, `linkedin_url`, `resume_url`, `skillset`, `internships`, `projects_count`, `certifications_count`, `preferred_location`, `placement_status`, `placed_company`, `placed_package_lpa`, `created_at`, `updated_at`) VALUES
(1, 1, 'computer engineering graduate placed for 2026 batch', 'https://github.com/aaravpatel', 'https://www.linkedin.com/in/aarav.patel', 'https://demo-placement-assets.s3.ap-south-1.amazonaws.com/resumes/aarav.patel.pdf', 'Java, Node.js, Express, MySQL, React, Git, REST APIs', 2, 2, 1, 'Surat', 'Placed', 'Wipro', 6.50, '2026-02-01 12:00:00', '2026-05-01 12:00:00'),
(2, 2, 'information technology graduate placed for 2026 batch', 'https://github.com/diyashah', 'https://www.linkedin.com/in/diya.shah', 'https://demo-placement-assets.s3.ap-south-1.amazonaws.com/resumes/diya.shah.pdf', 'Python, SQL, Power BI, HTML, CSS, JavaScript, AWS Basics', 1, 3, 2, 'Pune', 'Placed', 'HCLTech', 8.25, '2026-02-02 12:00:00', '2026-05-02 12:00:00'),
(3, 3, 'computer engineering graduate placed for 2026 batch', 'https://github.com/krishmehta', 'https://www.linkedin.com/in/krish.mehta', 'https://demo-placement-assets.s3.ap-south-1.amazonaws.com/resumes/krish.mehta.pdf', 'Java, Node.js, Express, MySQL, React, Git, REST APIs', 1, 4, 3, 'Bengaluru', 'Placed', 'Tech Mahindra', 6.80, '2026-02-03 12:00:00', '2026-05-03 12:00:00'),
(4, 4, 'electronics and communication student actively seeking placement opportunities', 'https://github.com/ananyaiyer', 'https://www.linkedin.com/in/ananya.iyer', 'https://demo-placement-assets.s3.ap-south-1.amazonaws.com/resumes/ananya.iyer.pdf', 'Embedded C, Verilog, MATLAB, PCB Design, Python', 1, 2, 4, 'Hyderabad', 'Seeking', NULL, NULL, '2026-02-04 12:00:00', '2026-05-04 12:00:00'),
(5, 5, 'mechanical engineering student actively seeking placement opportunities', 'https://github.com/yashdesai', 'https://www.linkedin.com/in/yash.desai', 'https://demo-placement-assets.s3.ap-south-1.amazonaws.com/resumes/yash.desai.pdf', 'AutoCAD, SolidWorks, ANSYS, Manufacturing Processes, Excel', 2, 3, 1, 'Mumbai', 'Seeking', NULL, NULL, '2026-02-05 12:00:00', '2026-05-05 12:00:00'),
(6, 6, 'civil engineering student actively seeking placement opportunities', 'https://github.com/riyatrivedi', 'https://www.linkedin.com/in/riya.trivedi', 'https://demo-placement-assets.s3.ap-south-1.amazonaws.com/resumes/riya.trivedi.pdf', 'AutoCAD, STAAD Pro, Revit, Quantity Estimation, MS Project', 1, 4, 2, 'Remote', 'Higher Studies', NULL, NULL, '2026-02-06 12:00:00', '2026-05-06 12:00:00'),
(7, 7, 'electrical engineering student actively seeking placement opportunities', 'https://github.com/nisargjoshi', 'https://www.linkedin.com/in/nisarg.joshi', 'https://demo-placement-assets.s3.ap-south-1.amazonaws.com/resumes/nisarg.joshi.pdf', 'PLC, MATLAB, Power Systems, AutoCAD Electrical, SCADA', 1, 2, 3, 'Ahmedabad', 'Seeking', NULL, NULL, '2026-02-07 12:00:00', '2026-05-07 12:00:00'),
(8, 8, 'computer engineering graduate placed for 2026 batch', 'https://github.com/mihikanair', 'https://www.linkedin.com/in/mihika.nair', 'https://demo-placement-assets.s3.ap-south-1.amazonaws.com/resumes/mihika.nair.pdf', 'Java, Node.js, Express, MySQL, React, Git, REST APIs', 1, 3, 4, 'Gandhinagar', 'Placed', 'Cognizant', 8.20, '2026-02-08 12:00:00', '2026-05-08 12:00:00'),
(9, 9, 'information technology graduate placed for 2026 batch', 'https://github.com/parthbhatt', 'https://www.linkedin.com/in/parth.bhatt', 'https://demo-placement-assets.s3.ap-south-1.amazonaws.com/resumes/parth.bhatt.pdf', 'Python, SQL, Power BI, HTML, CSS, JavaScript, AWS Basics', 2, 4, 1, 'Vadodara', 'Placed', 'Oracle Financial Services', 5.80, '2026-02-09 12:00:00', '2026-05-09 12:00:00'),
(10, 10, 'computer engineering graduate placed for 2026 batch', 'https://github.com/ishitakapoor', 'https://www.linkedin.com/in/ishita.kapoor', 'https://demo-placement-assets.s3.ap-south-1.amazonaws.com/resumes/ishita.kapoor.pdf', 'Java, Node.js, Express, MySQL, React, Git, REST APIs', 1, 2, 2, 'Surat', 'Placed', 'ZS Associates', 7.55, '2026-02-10 12:00:00', '2026-05-10 12:00:00'),
(11, 11, 'petroleum engineering student actively seeking placement opportunities', 'https://github.com/devanshsharma', 'https://www.linkedin.com/in/devansh.sharma', 'https://demo-placement-assets.s3.ap-south-1.amazonaws.com/resumes/devansh.sharma.pdf', 'Reservoir Basics, Drilling Operations, Excel, Well Logging', 1, 3, 3, 'Pune', 'Higher Studies', NULL, NULL, '2026-02-11 12:00:00', '2026-05-11 12:00:00'),
(12, 12, 'computer engineering graduate placed for 2026 batch', 'https://github.com/tanvikulkarni', 'https://www.linkedin.com/in/tanvi.kulkarni', 'https://demo-placement-assets.s3.ap-south-1.amazonaws.com/resumes/tanvi.kulkarni.pdf', 'Java, Node.js, Express, MySQL, React, Git, REST APIs', 1, 4, 4, 'Bengaluru', 'Placed', 'Accenture India', 7.25, '2026-02-12 12:00:00', '2026-05-12 12:00:00'),
(13, 13, 'artificial intelligence and data science student actively seeking placement opportunities', 'https://github.com/meetpanchal', 'https://www.linkedin.com/in/meet.panchal', 'https://demo-placement-assets.s3.ap-south-1.amazonaws.com/resumes/meet.panchal.pdf', 'Python, Pandas, Machine Learning, SQL, Tableau', 2, 2, 1, 'Hyderabad', 'Seeking', NULL, NULL, '2026-02-13 12:00:00', '2026-05-13 12:00:00'),
(14, 14, 'computer engineering student actively seeking placement opportunities', 'https://github.com/sakshibedi', 'https://www.linkedin.com/in/sakshi.bedi', 'https://demo-placement-assets.s3.ap-south-1.amazonaws.com/resumes/sakshi.bedi.pdf', 'Java, Node.js, Express, MySQL, React, Git, REST APIs', 1, 3, 2, 'Mumbai', 'Seeking', NULL, NULL, '2026-02-14 12:00:00', '2026-05-14 12:00:00'),
(15, 15, 'mechanical engineering student actively seeking placement opportunities', 'https://github.com/harshvyas', 'https://www.linkedin.com/in/harsh.vyas', 'https://demo-placement-assets.s3.ap-south-1.amazonaws.com/resumes/harsh.vyas.pdf', 'AutoCAD, SolidWorks, ANSYS, Manufacturing Processes, Excel', 1, 4, 3, 'Remote', 'Seeking', NULL, NULL, '2026-02-15 12:00:00', '2026-05-01 12:00:00'),
(16, 16, 'computer engineering student actively seeking placement opportunities', 'https://github.com/jhanvimodi', 'https://www.linkedin.com/in/jhanvi.modi', 'https://demo-placement-assets.s3.ap-south-1.amazonaws.com/resumes/jhanvi.modi.pdf', 'Java, Node.js, Express, MySQL, React, Git, REST APIs', 1, 2, 4, 'Ahmedabad', 'Higher Studies', NULL, NULL, '2026-02-16 12:00:00', '2026-05-02 12:00:00'),
(17, 17, 'electronics and communication student actively seeking placement opportunities', 'https://github.com/rutvikgohil', 'https://www.linkedin.com/in/rutvik.gohil', 'https://demo-placement-assets.s3.ap-south-1.amazonaws.com/resumes/rutvik.gohil.pdf', 'Embedded C, Verilog, MATLAB, PCB Design, Python', 2, 3, 1, 'Gandhinagar', 'Seeking', NULL, NULL, '2026-02-17 12:00:00', '2026-05-03 12:00:00'),
(18, 18, 'information technology graduate placed for 2026 batch', 'https://github.com/khushisoni', 'https://www.linkedin.com/in/khushi.soni', 'https://demo-placement-assets.s3.ap-south-1.amazonaws.com/resumes/khushi.soni.pdf', 'Python, SQL, Power BI, HTML, CSS, JavaScript, AWS Basics', 1, 4, 2, 'Vadodara', 'Placed', 'Torus Innotech', 8.60, '2026-02-18 12:00:00', '2026-05-04 12:00:00'),
(19, 19, 'computer engineering graduate placed for 2026 batch', 'https://github.com/vedanttiwari', 'https://www.linkedin.com/in/vedant.tiwari', 'https://demo-placement-assets.s3.ap-south-1.amazonaws.com/resumes/vedant.tiwari.pdf', 'Java, Node.js, Express, MySQL, React, Git, REST APIs', 1, 2, 3, 'Surat', 'Placed', 'Byju''s FutureSchool', 5.40, '2026-02-19 12:00:00', '2026-05-05 12:00:00'),
(20, 20, 'architecture technology student actively seeking placement opportunities', 'https://github.com/nandinirao', 'https://www.linkedin.com/in/nandini.rao', 'https://demo-placement-assets.s3.ap-south-1.amazonaws.com/resumes/nandini.rao.pdf', 'AutoCAD, SketchUp, Revit, Adobe Photoshop, Design Thinking', 1, 3, 4, 'Pune', 'Seeking', NULL, NULL, '2026-02-20 12:00:00', '2026-05-06 12:00:00'),
(21, 21, 'information technology student actively seeking placement opportunities', 'https://github.com/prathamdubey', 'https://www.linkedin.com/in/pratham.dubey', 'https://demo-placement-assets.s3.ap-south-1.amazonaws.com/resumes/pratham.dubey.pdf', 'Python, SQL, Power BI, HTML, CSS, JavaScript, AWS Basics', 2, 4, 1, 'Bengaluru', 'Higher Studies', NULL, NULL, '2026-02-21 12:00:00', '2026-05-07 12:00:00'),
(22, 22, 'computer engineering graduate placed for 2026 batch', 'https://github.com/heeranichauhan', 'https://www.linkedin.com/in/heerani.chauhan', 'https://demo-placement-assets.s3.ap-south-1.amazonaws.com/resumes/heerani.chauhan.pdf', 'Java, Node.js, Express, MySQL, React, Git, REST APIs', 1, 2, 2, 'Hyderabad', 'Placed', 'Syndell Technologies', 5.25, '2026-02-22 12:00:00', '2026-05-08 12:00:00'),
(23, 23, 'electronics and communication student actively seeking placement opportunities', 'https://github.com/omkarjadhav', 'https://www.linkedin.com/in/omkar.jadhav', 'https://demo-placement-assets.s3.ap-south-1.amazonaws.com/resumes/omkar.jadhav.pdf', 'Embedded C, Verilog, MATLAB, PCB Design, Python', 1, 3, 3, 'Mumbai', 'Seeking', NULL, NULL, '2026-02-23 12:00:00', '2026-05-09 12:00:00'),
(24, 24, 'mechanical engineering student actively seeking placement opportunities', 'https://github.com/snehalmistry', 'https://www.linkedin.com/in/snehal.mistry', 'https://demo-placement-assets.s3.ap-south-1.amazonaws.com/resumes/snehal.mistry.pdf', 'AutoCAD, SolidWorks, ANSYS, Manufacturing Processes, Excel', 1, 4, 4, 'Remote', 'Seeking', NULL, NULL, '2026-02-24 12:00:00', '2026-05-10 12:00:00'),
(25, 25, 'electrical engineering student actively seeking placement opportunities', 'https://github.com/rahulsolanki', 'https://www.linkedin.com/in/rahul.solanki', 'https://demo-placement-assets.s3.ap-south-1.amazonaws.com/resumes/rahul.solanki.pdf', 'PLC, MATLAB, Power Systems, AutoCAD Electrical, SCADA', 2, 2, 1, 'Ahmedabad', 'Seeking', NULL, NULL, '2026-02-25 12:00:00', '2026-05-11 12:00:00'),
(26, 26, 'computer engineering student actively seeking placement opportunities', 'https://github.com/aditimenon', 'https://www.linkedin.com/in/aditi.menon', 'https://demo-placement-assets.s3.ap-south-1.amazonaws.com/resumes/aditi.menon.pdf', 'Java, Node.js, Express, MySQL, React, Git, REST APIs', 1, 3, 2, 'Gandhinagar', 'Higher Studies', NULL, NULL, '2026-02-26 12:00:00', '2026-05-12 12:00:00'),
(27, 27, 'civil engineering student actively seeking placement opportunities', 'https://github.com/darshilgandhi', 'https://www.linkedin.com/in/darshil.gandhi', 'https://demo-placement-assets.s3.ap-south-1.amazonaws.com/resumes/darshil.gandhi.pdf', 'AutoCAD, STAAD Pro, Revit, Quantity Estimation, MS Project', 1, 4, 3, 'Vadodara', 'Seeking', NULL, NULL, '2026-02-27 12:00:00', '2026-05-13 12:00:00'),
(28, 28, 'artificial intelligence and data science graduate placed for 2026 batch', 'https://github.com/pallavirane', 'https://www.linkedin.com/in/pallavi.rane', 'https://demo-placement-assets.s3.ap-south-1.amazonaws.com/resumes/pallavi.rane.pdf', 'Python, Pandas, Machine Learning, SQL, Tableau', 1, 2, 4, 'Surat', 'Placed', 'Persistent Systems', 7.60, '2026-02-01 12:00:00', '2026-05-14 12:00:00'),
(29, 29, 'computer engineering graduate placed for 2026 batch', 'https://github.com/kunalsaxena', 'https://www.linkedin.com/in/kunal.saxena', 'https://demo-placement-assets.s3.ap-south-1.amazonaws.com/resumes/kunal.saxena.pdf', 'Java, Node.js, Express, MySQL, React, Git, REST APIs', 2, 3, 1, 'Pune', 'Placed', 'Tata Consultancy Services', 4.50, '2026-02-02 12:00:00', '2026-05-01 12:00:00'),
(30, 30, 'information technology student actively seeking placement opportunities', 'https://github.com/mansikothari', 'https://www.linkedin.com/in/mansi.kothari', 'https://demo-placement-assets.s3.ap-south-1.amazonaws.com/resumes/mansi.kothari.pdf', 'Python, SQL, Power BI, HTML, CSS, JavaScript, AWS Basics', 1, 4, 2, 'Bengaluru', 'Seeking', NULL, NULL, '2026-02-03 12:00:00', '2026-05-02 12:00:00');

INSERT INTO `placement_statistics` (`stat_id`, `college_name`, `branch_name`, `graduating_year`, `total_students`, `placed_students`, `unplaced_students`, `highest_package_lpa`, `average_package_lpa`, `median_package_lpa`, `top_recruiters`, `created_at`) VALUES
(1, 'L.D. College of Engineering', 'All Branches', 2026, 2, 1, 1, 6.50, 6.50, 6.50, 'Wipro', '2026-05-01 18:00:00'),
(2, 'Dharmsinh Desai University', 'All Branches', 2026, 2, 2, 0, 8.25, 6.75, 8.25, 'HCLTech, Syndell Technologies', '2026-05-02 18:00:00'),
(3, 'Nirma University', 'All Branches', 2026, 2, 1, 1, 6.80, 6.80, 6.80, 'Tech Mahindra', '2026-05-03 18:00:00'),
(4, 'Charusat University', 'All Branches', 2026, 2, 0, 2, 0, 0, 0, 'Pending for current cycle', '2026-05-04 18:00:00'),
(5, 'PDEU', 'All Branches', 2026, 2, 0, 2, 0, 0, 0, 'Pending for current cycle', '2026-05-05 18:00:00'),
(6, 'MS University of Baroda', 'All Branches', 2026, 2, 0, 2, 0, 0, 0, 'Pending for current cycle', '2026-05-06 18:00:00'),
(7, 'Government Engineering College Gandhinagar', 'All Branches', 2026, 2, 0, 2, 0, 0, 0, 'Pending for current cycle', '2026-05-07 18:00:00'),
(8, 'SVNIT Surat', 'All Branches', 2026, 2, 2, 0, 8.20, 7.90, 8.20, 'Cognizant, Persistent Systems', '2026-05-08 18:00:00'),
(9, 'DAIICT', 'All Branches', 2026, 2, 2, 0, 5.80, 5.15, 5.80, 'Oracle Financial Services, Tata Consultancy Services', '2026-05-09 18:00:00'),
(10, 'Parul University', 'All Branches', 2026, 2, 1, 1, 7.55, 7.55, 7.55, 'ZS Associates', '2026-05-10 18:00:00'),
(11, 'Pandit Deendayal Energy University', 'All Branches', 2026, 1, 0, 1, 0, 0, 0, 'Pending for current cycle', '2026-05-11 18:00:00'),
(12, 'Silver Oak University', 'All Branches', 2026, 1, 1, 0, 7.25, 7.25, 7.25, 'Accenture India', '2026-05-12 18:00:00'),
(13, 'Indus University', 'All Branches', 2026, 1, 0, 1, 0, 0, 0, 'Pending for current cycle', '2026-05-13 18:00:00'),
(14, 'Ganpat University', 'All Branches', 2026, 1, 0, 1, 0, 0, 0, 'Pending for current cycle', '2026-05-14 18:00:00'),
(15, 'RK University', 'All Branches', 2026, 1, 0, 1, 0, 0, 0, 'Pending for current cycle', '2026-05-01 18:00:00'),
(16, 'Marwadi University', 'All Branches', 2026, 1, 0, 1, 0, 0, 0, 'Pending for current cycle', '2026-05-02 18:00:00'),
(17, 'Atmiya University', 'All Branches', 2026, 1, 0, 1, 0, 0, 0, 'Pending for current cycle', '2026-05-03 18:00:00'),
(18, 'Uka Tarsadia University', 'All Branches', 2026, 1, 1, 0, 8.60, 8.60, 8.60, 'Torus Innotech', '2026-05-04 18:00:00'),
(19, 'Adani University', 'All Branches', 2026, 1, 1, 0, 5.40, 5.40, 5.40, 'Byju''s FutureSchool', '2026-05-05 18:00:00'),
(20, 'CEPT University', 'All Branches', 2026, 1, 0, 1, 0, 0, 0, 'Pending for current cycle', '2026-05-06 18:00:00');

-- Summary counts
SELECT 'tpo' AS table_name, COUNT(*) AS total_records FROM tpo UNION ALL
SELECT 'company', COUNT(*) FROM company UNION ALL
SELECT 'student', COUNT(*) FROM student UNION ALL
SELECT 'jobdetail', COUNT(*) FROM jobdetail UNION ALL
SELECT 'applied', COUNT(*) FROM applied UNION ALL
SELECT 'student_profile', COUNT(*) FROM student_profile UNION ALL
SELECT 'placement_statistics', COUNT(*) FROM placement_statistics;